{
  "clusters": {
    "cluster_0": {
      "n_train": 5545,
      "mass_multi": {
        "intercept": 2.935854434967041,
        "coeffs": {
          "g-r": 1.3157072067260742,
          "u-g": 0.005052834749221802,
          "M_r": -0.34152519702911377,
          "redshift": -2.0779547691345215
        },
        "predictor_order": [
          "g-r",
          "u-g",
          "M_r",
          "redshift"
        ]
      },
      "MS": {
        "A": -6.060157775878906,
        "B": 0.6125016212463379
      }
    },
    "cluster_1": {
      "n_train": 4455,
      "mass_multi": {
        "intercept": 2.064364433288574,
        "coeffs": {
          "g-r": 1.1698331832885742,
          "u-g": 0.053569093346595764,
          "M_r": -0.3853338956832886,
          "redshift": -2.9503254890441895
        },
        "predictor_order": [
          "g-r",
          "u-g",
          "M_r",
          "redshift"
        ]
      },
      "MS": {
        "A": -8.383044242858887,
        "B": 0.688130795955658
      }
    }
  },
  "mass_multi": {
    "intercept": 2.909809112548828,
    "coeffs": {
      "g-r": 1.1276865005493164,
      "u-g": -0.025249823927879333,
      "M_r": -0.35222071409225464,
      "redshift": -2.369401216506958
    },
    "predictor_order": [
      "g-r",
      "u-g",
      "M_r",
      "redshift"
    ],
    "n_train": 10000
  },
  "a": 3.53395938873291,
  "b": 0.8389224410057068,
  "c": -0.3178345859050751,
  "MS_overall": {
    "A": -7.2216010093688965,
    "B": 0.6503162086009979
  }
}